{"cameraMode":{"drawMode":0,"name":"Shaded","section":"Shading Mode"},"sceneLighting":false,"audioPlay":false,"sceneViewState":{"m_AlwaysRefresh":false,"showFog":true,"showSkybox":false,"showFlares":true,"showImageEffects":true,"showParticleSystems":true,"showVisualEffectGraphs":true,"m_FxEnabled":true},"in2DMode":false,"pivot":{"x":15.755332946777344,"y":0.5102389454841614,"z":63.07439422607422},"rotation":{"x":0.00008999696729006246,"y":0.9998998641967773,"z":0.011999376118183136,"w":-0.007499390281736851},"size":11.035249710083008,"orthographic":true}